state,county,year,population,median_income,net_migration,region_type
Arkansas,Pulaski,2021,23756,49460,-1736,Urban
Louisiana,Jefferson,2022,446744,46786,-2113,Urban
Arkansas,Union,2020,121793,64282,-2589,Urban
Arkansas,Ouachita,2014,70477,45845,-2418,Rural
Louisiana,Union,2015,445390,38858,-2385,Rural
Louisiana,Pulaski,2015,159010,58199,-730,Urban
Louisiana,Ouachita,2019,416195,64643,-889,Urban
Arkansas,Caddo,2013,74523,41873,-2112,Urban
Arkansas,Pulaski,2017,430758,26802,2512,Rural
Arkansas,Pulaski,2013,113087,28005,-621,Rural
Arkansas,Pulaski,2018,402572,37460,1799,Urban
Louisiana,Pulaski,2020,451997,36783,1449,Urban
Louisiana,Garland,2020,314462,28747,2671,Urban
Arkansas,Jefferson,2012,82570,63562,2318,Urban
Arkansas,Pulaski,2017,493710,31427,1158,Urban
Arkansas,Union,2013,479094,64600,480,Rural
Louisiana,Ouachita,2019,324620,30641,1589,Rural
Arkansas,Pulaski,2014,346555,37850,2763,Urban
Arkansas,Pulaski,2019,354123,28467,2075,Urban
Arkansas,Jefferson,2020,62877,26661,640,Urban
Louisiana,Garland,2021,189010,58507,1895,Urban
Arkansas,Pulaski,2016,408555,63619,1972,Rural
Arkansas,Union,2017,468692,62634,-991,Rural
Louisiana,Caddo,2016,256431,25703,-1416,Urban
Louisiana,Garland,2012,212947,28512,-1187,Urban
Arkansas,Garland,2019,232547,43110,-1038,Urban
Louisiana,Union,2019,105893,53486,1391,Rural
Louisiana,Jefferson,2022,311817,34116,1553,Rural
Arkansas,Garland,2015,392489,45201,1717,Rural
Arkansas,Union,2012,235727,27900,2756,Urban
Arkansas,Pulaski,2021,300733,47250,2131,Rural
Arkansas,Union,2018,157810,50862,1448,Rural
Louisiana,Ouachita,2016,165200,57140,1734,Rural
Arkansas,Ouachita,2022,28198,56229,768,Rural
Louisiana,Ouachita,2020,414521,50267,1917,Rural
Arkansas,Union,2016,337145,44794,-35,Urban
Louisiana,Garland,2016,431070,35378,2313,Urban
Louisiana,Jefferson,2015,342439,56161,-979,Urban
Louisiana,Garland,2022,197195,39589,-2664,Rural
Arkansas,Ouachita,2015,426554,60148,415,Rural
Arkansas,Union,2022,169976,26892,-552,Urban
Arkansas,Pulaski,2012,219195,56849,-609,Rural
Arkansas,Garland,2022,337765,34781,-667,Urban
Arkansas,Pulaski,2016,211572,26509,-2310,Urban
Louisiana,Ouachita,2021,37740,58639,-78,Rural
Louisiana,Union,2018,120832,42531,2041,Rural
Louisiana,Ouachita,2020,337035,55860,1692,Rural
Louisiana,Pulaski,2021,150321,54411,-2580,Rural
Louisiana,Union,2018,77699,53265,900,Rural
Arkansas,Garland,2015,332680,27526,-954,Rural
Arkansas,Caddo,2022,93049,40531,-1037,Rural
Arkansas,Pulaski,2014,50572,52489,-147,Rural
Louisiana,Union,2020,120185,27133,-2534,Urban
Arkansas,Jefferson,2019,354177,52897,801,Rural
Arkansas,Caddo,2019,296489,27105,779,Urban
Arkansas,Union,2017,318941,46494,188,Urban
Arkansas,Garland,2022,311565,44903,-2485,Rural
Louisiana,Jefferson,2021,82895,49169,2161,Rural
Arkansas,Jefferson,2020,48861,63030,-2391,Rural
Louisiana,Jefferson,2018,378755,55995,-1026,Rural
Arkansas,Caddo,2012,155312,60188,-2715,Rural
Arkansas,Ouachita,2012,376513,28507,1046,Urban
Louisiana,Caddo,2020,56987,31993,-1922,Urban
Louisiana,Jefferson,2020,296236,54795,2482,Rural
Arkansas,Garland,2020,494340,59031,-1949,Rural
Louisiana,Garland,2021,29296,58473,515,Urban
Arkansas,Ouachita,2019,81806,40564,664,Urban
Louisiana,Ouachita,2012,275602,35993,2947,Rural
Louisiana,Union,2019,395226,37080,2251,Urban
Arkansas,Caddo,2020,233499,25073,-2552,Rural
Louisiana,Caddo,2021,433877,28951,-2718,Rural
Louisiana,Jefferson,2012,398078,63051,675,Urban
Arkansas,Garland,2013,114256,36132,-1854,Rural
Arkansas,Ouachita,2019,108196,57207,760,Rural
Louisiana,Union,2020,54249,29567,2426,Rural
Louisiana,Union,2017,71321,28395,-765,Rural
Louisiana,Garland,2012,391476,33000,-117,Rural
Arkansas,Garland,2018,445350,48412,772,Urban
Arkansas,Jefferson,2014,167168,43917,-2621,Rural
Louisiana,Union,2019,303379,44875,-2274,Rural
Arkansas,Union,2016,224905,44832,1060,Urban
Arkansas,Union,2022,230553,36576,-1292,Urban
Arkansas,Jefferson,2015,271291,42690,-2840,Rural
Louisiana,Pulaski,2021,138776,36279,2489,Urban
Arkansas,Caddo,2013,67774,58898,-1974,Rural
Louisiana,Garland,2021,336072,25553,-666,Rural
Arkansas,Caddo,2019,429858,29705,1614,Rural
Arkansas,Ouachita,2019,129807,33059,435,Rural
Arkansas,Union,2012,37947,64262,1573,Rural
Louisiana,Ouachita,2018,250404,42834,445,Rural
Arkansas,Union,2017,228799,43714,-2575,Rural
Louisiana,Jefferson,2019,405168,51893,-1334,Urban
Arkansas,Garland,2015,242767,39900,-1343,Rural
Arkansas,Pulaski,2022,251136,45275,1453,Rural
Arkansas,Garland,2017,373130,37290,1554,Urban
Arkansas,Ouachita,2013,250022,63475,-1186,Rural
Arkansas,Garland,2018,363728,58486,-806,Rural
Arkansas,Garland,2021,178302,38296,825,Urban
Louisiana,Jefferson,2017,302280,41354,1951,Urban
Arkansas,Union,2015,52085,28061,2694,Urban
